INSERT INTO Supplier (name, address) VALUES
('Papeterie du Papier', '123 Rue du Papier, Paris'),
('Colles et Adhésifs SARL', '45 Avenue des Matériaux, Lyon'),
('Encre et Création', '32 Boulevard de l\'Impression, Marseille'),
('Carton Arts', '18 Rue du Carton, Toulouse'),
('Papeterie du Vol', '22 Rue des Matériaux, Bordeaux'),
('Papeterie Aéro', '9 Place du Papier, Nantes'),
('Adhésifs Express', '50 Avenue du Colle, Lille'),
('Papier et Couleurs', '5 Boulevard de la Création, Nice'),
('Impression Papier', '15 Rue de l\'Encre, Strasbourg'),
('Papeterie Artisanale', '30 Rue des Papiers, Paris'),
('Matériaux Modélisme', '12 Avenue des Outils, Rennes'),
('PapierModèle', '28 Boulevard des Matériaux, Toulouse'),
('Papier et Colles', '70 Rue des Fournitures, Lyon'),
('Papeterie Clé de l\'Art', '33 Place des Papiers, Nantes'),
('Atelier des Cartons', '8 Rue des Matériaux, Bordeaux'),
('Papeterie Modélisme', '27 Avenue des Cartons, Marseille'),
('Encre et Papier', '19 Rue de l\'Artisan, Strasbourg'),
('Fournitures Modélisme', '13 Boulevard du Matériel, Paris'),
('Papeterie Innovante', '23 Rue du Carton, Lille'),
('Atelier Papier & Colles', '21 Rue de la Création, Toulouse');

INSERT INTO Category (name, description) VALUES
('Avion de chasse', 'Maquettes représentant des avions de chasse militaires'),
('Avion commercial', 'Maquettes d\'avions commerciaux, comme les avions de ligne'),
('Avion vintage', 'Maquettes d\'avions anciens et rétro, comme les biplans'),
('Avion de transport', 'Maquettes d\'avions utilisés pour le transport de marchandises ou de passagers'),
('Avion acrobatique', 'Maquettes d\'avions dédiés aux performances aériennes et aux acrobaties');

INSERT INTO Product (name, reference, description, price, id_category, stock) VALUES
('F-22 Raptor', 'F22-PAP001', 'Maquette en papier du célèbre avion de chasse américain', 15.99, 1, 50),
('Airbus A320', 'A320-PAP002', 'Maquette en papier de l\'avion de ligne Airbus A320', 12.99, 2, 30),
('Spitfire MkII', 'SPIT-PAP003', 'Maquette en papier de l\'avion de chasse britannique Spitfire', 14.50, 1, 40),
('Boeing 747', 'B747-PAP004', 'Maquette en papier du Boeing 747, un avion légendaire', 18.00, 2, 25),
('P-51 Mustang', 'P51-PAP005', 'Maquette en papier de l\'avion de chasse P-51 Mustang', 13.50, 1, 35),
('B-17 Flying Fortress', 'B17-PAP006', 'Maquette en papier de l\'avion bombardier B-17', 16.00, 1, 20),
('Cessna 172', 'CESSNA-PAP007', 'Maquette en papier d\'un avion léger Cessna 172', 10.99, 4, 60),
('Lockheed Martin F-35', 'F35-PAP008', 'Maquette en papier du F-35, un avion de chasse furtif', 20.00, 1, 15),
('Concorde', 'CONC-PAP009', 'Maquette en papier du célèbre avion supersonique Concorde', 25.00, 2, 10),
('Challenger 2', 'CHAL-PAP010', 'Maquette en papier du char Challenger 2, pour les passionnés d\'armement', 11.99, 5, 45),
('Piper Cub', 'PIPER-PAP011', 'Maquette en papier d\'un petit avion de tourisme Piper Cub', 9.99, 4, 55),
('Fokker Dr.I', 'FOKKER-PAP012', 'Maquette en papier du célèbre biplan de la Première Guerre mondiale', 12.00, 3, 40),
('Boeing 787 Dreamliner', '787-PAP013', 'Maquette en papier du Boeing 787 Dreamliner', 22.50, 2, 30),
('Hawker Hurricane', 'HAWKER-PAP014', 'Maquette en papier de l\'avion de chasse britannique Hurricane', 14.99, 1, 25),
('Messerschmitt Bf 109', 'MESSER-PAP015', 'Maquette en papier de l\'avion de chasse allemand Bf 109', 15.50, 1, 50),
('Grumman F-14 Tomcat', 'F14-PAP016', 'Maquette en papier du Grumman F-14 Tomcat, avion de chasse emblématique', 17.00, 1, 30),
('Northrop Grumman B-2', 'B2-PAP017', 'Maquette en papier du bombardier furtif B-2', 24.00, 1, 12),
('Fokker E.III', 'FOEKER-PAP018', 'Maquette en papier du biplan Fokker E.III de la Première Guerre mondiale', 13.00, 3, 40),
('Sukhoi Su-27', 'SUKHOI-PAP019', 'Maquette en papier de l\'avion de chasse russe Su-27', 19.99, 1, 20),
('Douglas DC-3', 'DC3-PAP020', 'Maquette en papier de l\'avion de transport classique DC-3', 16.50, 4, 30);

INSERT INTO Supplier_product (supplier_id, product_id) VALUES
(1, 1), (2, 1),
(3, 2), (4, 2), 
(2, 3), (5, 3), 
(1, 4), (3, 4), 
(4, 5), 
(1, 6), (2, 6), 
(3, 7), 
(1, 8), (4, 8), 
(2, 9), 
(5, 10), 
(3, 11), 
(1, 12), (4, 12), 
(2, 13), 
(1, 14), 
(3, 15), 
(2, 16), (4, 16), 
(5, 17), 
(1, 18), (2, 18), 
(3, 19), 
(4, 20); 

INSERT INTO Client (lastname, firstname, email, phone, address) VALUES
('Dupont', 'Pierre', 'pierre.dupont@mail.com', '0123456789', '123 rue de Paris, 75001 Paris'),
('Martin', 'Claire', 'claire.martin@mail.com', '0123456790', '456 avenue de la République, 75002 Paris'),
('Durand', 'Jean', 'jean.durand@mail.com', '0123456791', '789 boulevard Saint-Germain, 75003 Paris'),
('Lemoine', 'Sophie', 'sophie.lemoine@mail.com', '0123456792', '321 rue de Rivoli, 75004 Paris'),
('Bernard', 'Marc', 'marc.bernard@mail.com', '0123456793', '654 rue de la Paix, 75005 Paris'),
('Pires', 'Lucas', 'lucas.pires@mail.com', '0123456794', '987 avenue des Champs-Élysées, 75006 Paris'),
('Leclerc', 'Nina', 'nina.leclerc@mail.com', '0123456795', '321 rue des Martyrs, 75007 Paris'),
('Garcia', 'Ana', 'ana.garcia@mail.com', '0123456796', '123 rue du Faubourg Saint-Antoine, 75008 Paris'),
('Rousseau', 'Julien', 'julien.rousseau@mail.com', '0123456797', '456 rue de la Montagne Sainte-Geneviève, 75009 Paris'),
('Faure', 'Emma', 'emma.faure@mail.com', '0123456798', '654 rue de la Vieille-Draperie, 75010 Paris');

INSERT INTO `Order` (client_id, date, status, price_total) VALUES
(1, '2025-01-01', 'livrée', 29.99),
(2, '2025-01-03', 'en cours', 45.50),
(3, '2025-01-05', 'en livraison', 15.75),
(4, '2025-01-07', 'créée', 32.20),
(5, '2025-01-08', 'livrée', 22.99),
(6, '2025-01-09', 'annulée', 50.00),
(7, '2025-01-10', 'en cours', 40.30),
(8, '2025-01-12', 'livrée', 60.99),
(9, '2025-01-13', 'en cours', 38.00),
(10, '2025-01-15', 'créée', 27.45);

INSERT INTO Ligne_order (order_id, product_id, quantity) VALUES
(1, 1, 1), 
(1, 2, 2), 
(2, 3, 1), 
(2, 5, 1), 
(3, 4, 3), 
(4, 6, 2), 
(5, 2, 1), 
(5, 3, 4), 
(6, 5, 1), 
(7, 1, 2), 
(7, 4, 1), 
(8, 6, 1), 
(8, 3, 2), 
(9, 2, 3), 
(9, 5, 1), 
(10, 4, 2),
(10, 1, 1);